{
  "project_info": {
    "project_number": "306383644903",
    "firebase_url": "https://whatsapp-b90c6.firebaseio.com",
    "project_id": "whatsapp-b90c6",
    "storage_bucket": "whatsapp-b90c6.appspot.com"
  },
  "client": [
    {
      "client_info": {
        "mobilesdk_app_id": "1:306383644903:android:859b3e4e25cfc4c7",
        "android_client_info": {
          "package_name": "com.br.whatsapp"
        }
      },
      "oauth_client": [
        {
          "client_id": "306383644903-8oc28ag4fb9i2knnf53vj66s6uoqbg6i.apps.googleusercontent.com",
          "client_type": 1,
          "android_info": {
            "package_name": "com.br.whatsapp",
            "certificate_hash": "3b2def241c4e68e2a35c97c5bcb767a02652721d"
          }
        },
        {
          "client_id": "306383644903-2preog440u8mfqldf39ranuphaucotf5.apps.googleusercontent.com",
          "client_type": 3
        }
      ],
      "api_key": [
        {
          "current_key": "AIzaSyDmgJRy64NLCGDUnmUV74wyGf0hBKlL4FM"
        }
      ],
      "services": {
        "appinvite_service": {
          "other_platform_oauth_client": [
            {
              "client_id": "306383644903-2preog440u8mfqldf39ranuphaucotf5.apps.googleusercontent.com",
              "client_type": 3
            }
          ]
        }
      }
    }
  ],
  "configuration_version": "1"
}